<?xml version="1.0" encoding="UTF-8"?>
<Configuration status="level">
    <Appenders>
    	<!-- Simple file logger --> <Console name="Console" target="SYSTEM_OUT">
      <PatternLayout pattern="%d{HH:mm:ss.SSS} [%t] %-5level %logger{36} - %msg%n"/>
    </Console>
    	<File name="LogToFile" fileName="logs/app.log">
            <PatternLayout>
                <Pattern>%d{HH:mm:ss.SSS} [%t] %-5level %logger{36} - %msg%n</Pattern>
            </PatternLayout>
        </File>
    </Appenders>
    <Loggers>
        <Logger name="com.abhishek.log4j2" level="debug" additivity="false">
            <AppenderRef ref="LogToFile"/>
                  <AppenderRef ref="Console"/>
        </Logger>
      

  
        <Root level="warn">
            <AppenderRef ref="LogToFile"/>
                  <AppenderRef ref="Console"/>
        </Root>
    </Loggers>
</Configuration>



